ra_rad,dec_rad,mag
1.41865220877989,0.110823773827009,1.629
1.5497279618951,0.12927717194787,0.769
2.00411344283712,0.0912372205147572,0.461
2.65453375523537,0.208866957247131,1.399
3.09387814035281,0.254335258091265,2.143
4.60301536083966,0.219223404354452,2.106
5.19574934017658,0.154765062721161,0.955
1.20392815205961,0.288149699337459,1.16
1.73534468428513,0.286223784009353,2.024
2.70512665779529,0.346305792304816,2.366
2.70514614561811,0.346293252288673,3.644
3.73357543745707,0.334881087979944,0.161
3.73357503428601,0.334879909882699,3.487
0.0365914094863008,0.507730731604022,2.05
1.42371582572455,0.499301583870902,1.67
2.03035343298608,0.489151392095133,1.325
4.07833918860718,0.466263146029808,2.217
1.98356702615505,0.556561700023976,1.934
1.98358430648544,0.556565465397304,2.972
0.821041402347251,0.714810960738367,2.105
1.56874334154887,0.784480729679874,1.904
4.87355457405449,0.676890923547775,0.087
0.891524983586911,0.870242856170849,1.866
1.38181321282002,0.802834513482744,0.238
3.61083504855295,0.860679500289202,1.842
5.41676848342968,0.790290918716991,1.343
2.88782110839806,0.984057556405638,2.349
3.37733085655666,0.976683509423634,1.764
3.50777871857228,0.958629339137604,2.227
3.5078359418098,0.958567583803615,3.878
0.247436865341241,1.05970719267615,2.168
2.89607114276389,1.07776034124643,2.023
2.89606425726545,1.07776031890622,4.945
1.44865216417988,-0.00521994311870233,2.411
1.44865299443301,-0.00522093376758576,3.763
1.46700832826278,-0.0209774133490158,1.692
1.48684052200649,-0.0339043892326563,1.884
1.48684372608193,-0.0339156689465461,3.699
1.6965381448001,-0.12274988628777,4.616
1.3724302941379,-0.143145607926101,0.283
1.51737383012913,-0.168766389813968,2.037
3.5133190264745,-0.194800472300958,1.031
1.66984284554772,-0.31338986453444,1.933
1.76781853586393,-0.29169937475384,-1.088
1.82659954013024,-0.505658349641352,1.5
1.93773035262833,-0.511435921441809,2.451
4.31710590451993,-0.461324486805609,1.287
4.95352924721438,-0.458962152247108,2.044
6.01111942549557,-0.516998586313613,1.248
4.59723553756446,-0.647582573538913,1.607
4.8178611411853,-0.600119500811557,1.81
2.11003544479914,-0.6981873499228,2.189
3.82012224094139,-0.735791466287218,2.306
4.63597844967535,-0.681200626847014,2.357
4.6134234138423,-0.750453557232472,1.904
2.13598886881461,-0.826179732124801,1.793
3.64573354556255,-0.825335945193008,2.497
3.84814366579405,-0.827079091561707,2.26
5.79550223772034,-0.819617366742999,1.757
0.426351334209919,-0.998968171066268,0.522
1.67530450664491,-0.919713780627908,-0.608
2.28944999535347,-0.95484464012761,1.991
2.19263275685629,-1.03863737950214,2.166
2.19263606879308,-1.03863886669719,4.121
2.45268423441055,-0.960117756970903,2.449
3.27757774858655,-0.99680237716217,1.832
3.34981907919023,-1.04176490776901,1.281
3.57743574416679,-0.933164068005952,2.247
5.34789605925576,-0.990210469115718,1.898
3.25765278762605,-1.10128627965682,1.245
3.25769319444169,-1.10129410606225,1.547
3.68187710810065,-1.05370725231542,0.584
3.68187023185246,-1.05370975895729,3.95
3.83822561101184,-1.06184909092839,1.243
3.83833525276998,-1.06177361730648,0.137
2.41380786622201,-1.21679944042094,1.675
0.495480780456403,0.0556329031054057,4.709
0.393507380850836,0.107229927443385,4.995
0.442578711302986,0.0957768330693017,4.587
0.532529591695899,0.048236404906036,4.1
0.695873647218577,0.00573367816603298,4.029
0.712539408259178,0.056481753760957,3.551
0.680130960799692,0.0976205077849215,4.968
0.795344519391608,0.0713793978327181,2.716
0.869879130078333,0.0588210508459962,4.919
0.946287204934883,0.00701032036588818,4.353
1.06096965617023,0.10453307313207,3.888
1.30266292760635,0.0299152006407146,4.62
1.28391477845595,0.0425977517147266,3.657
1.27062616441718,0.0978275048814056,3.638
1.26466632840653,0.121497207807611,3.222
1.4169766413853,0.0322265717595901,4.837
1.36699139911547,0.0499383292157966,4.62
1.40862625180921,0.0618622746757586,4.951
1.42609579282089,0.0540292151761924,4.574
1.53781246836657,0.0323782934059989,4.909
1.47997709378644,0.0719331131372241,4.503
1.44331883574632,0.103814734881857,4.439
1.67450439902111,0.0801606676622894,4.423
1.77962848130408,0.0421001346085052,4.593
1.7143662350832,0.127984398193338,4.486
2.10428065652674,0.0407459617416838,4.524
2.28299792797361,0.0593178200712669,4.248
2.26350568893801,0.0583190609918668,4.577
2.25870095685584,0.0995498214436136,4.132
2.29849156899821,0.112028796266475,3.488
2.30572319309899,0.10188901991755,4.332
2.3360969505518,0.103768719101596,3.21
2.41887120356492,0.0403916810220129,3.853
2.52398515979664,0.0811454780703076,4.818
2.88224019139653,0.0631372523551062,4.968
2.88305142339992,0.106490376286911,4.998
2.90168467752567,0.128037505071817,4.66
2.97201889558234,0.105231526497049,4.031
3.10099325587205,0.0308001274264375,3.649
3.07989252785553,0.113959201279549,4.209
3.14540261170285,0.11544184067676,4.658
3.38420857047118,0.059297062870473,3.577
3.48020708793168,0.0954673013699214,4.976
3.55232184533814,0.0638609997297366,4.916
3.67237582799544,0.0269571906190287,4.25
3.71870065458051,0.042052491308716,4.964
3.86698959614313,0.0330370190629451,3.716
3.93964726648776,0.0365001429035884,4.513
4.14871792547521,0.0781511683417729,3.714
4.12014053419238,0.112146518899055,2.739
4.12963906575308,0.128335323517521,4.482
4.28509956329228,0.0179601411961773,4.858
4.32367759379967,0.034626561098571,4.147
4.56628168607537,0.0722628594145339,4.496
4.65956082295804,0.0472508925265926,3.737
4.64027435178353,0.079714427638726,2.879
4.72003927284471,0.0227777363549442,4.432
4.71520448008416,0.0511654574719703,3.959
4.73619604089756,0.0436296519786282,4.217
4.80344145587826,0.058942709894171,4.957
4.71353789293217,0.076246781126392,4.742
4.9080067704776,0.0359544704253414,4.996
4.95769405554805,0.073366612963878,4.592
4.9577995196861,0.0733404537945162,4.93
5.08989559455094,0.0059090697932244,4.729
5.08544574550156,0.0543632638646412,3.39
5.20314421190362,0.0175520610513795,4.058
5.12293063545772,0.128786830072103,4.576
5.21553775163786,0.111819112061075,3.807
5.56683150086426,0.0915925276625612,3.993
5.86987844110243,0.0240401178185472,4.76
5.88114305021474,0.0819547570502613,4.906
5.8040800162963,0.108171870994178,3.519
6.13890152938209,0.0219144640437837,4.923
6.03830210253104,0.0666724375244388,4.461
6.09628509042706,0.0572867071168926,3.798
6.14342048404507,0.111334374612069,4.394
6.20484959575122,0.0310675666711815,4.514
6.19570367602636,0.0981973036725218,4.176
6.28018112709053,0.119787514339218,4.06
0.21241704717921,0.132384648999637,4.594
0.274642741467668,0.137708835398573,4.364
0.459867427477514,0.159832880673332,4.368
0.580321738050672,0.154404566011359,4.453
0.646465626696688,0.147656087619304,4.261
0.784154412625479,0.155463433532066,4.681
0.719696848710902,0.176525096891136,4.305
0.903943995005327,0.169868857579252,3.715
0.893666661229537,0.157583597373668,3.705
0.920106881833467,0.225787612105813,4.246
1.05016573718595,0.217997677074069,3.388
1.11497869219867,0.155200912799687,4.267
1.2027692450587,0.177339285656808,4.272
1.16328906607827,0.256803998043877,4.794
1.19489005179462,0.259084084310443,4.67
1.26803413300994,0.15533739737266,4.343
1.28672419184325,0.177165446499986,4.659
1.21369194364695,0.218355302891785,4.277
1.27641483755887,0.248720646286803,4.941
1.2931635349002,0.2358719403916,4.2
1.47003185288314,0.162152792735435,4.187
1.46231516373504,0.173383702157883,3.509
1.46093057012843,0.16562435576661,4.367
1.58119541159771,0.168377064104647,4.152
1.52519460233623,0.220807216997743,4.865
1.60383586471702,0.257758469917107,4.371
1.62289414316754,0.247989740967844,4.413
1.7773146304214,0.140276525222331,4.923
1.74959484785631,0.172713462214796,4.642
1.76840865629318,0.22507049698234,3.377
1.76273110093457,0.230872261489691,4.618
1.80922543546739,0.229996364862985,4.751
1.95548103895537,0.155779922811977,4.48
1.95106504266122,0.144677395795048,2.838
1.96260698354448,0.209554024956734,4.676
2.16645688085381,0.160317996858786,3.684
2.34959261736306,0.206955678773731,4.268
2.53574772373638,0.172653336843795,3.562
2.61892516491094,0.140398205912588,4.859
2.65248380948023,0.174489410301456,4.532
2.76115971114203,0.162430567820009,3.806
2.9841829306286,0.183775030193905,4.056
3.07738196562525,0.144131390307979,4.864
3.16432119626897,0.152419115059007,4.212
3.32434723637035,0.178645380462324,4.877
3.41288942015967,0.191273226808926,2.917
3.84690569677429,0.142449632405061,4.973
3.84473740198791,0.239604854260957,4.464
3.84473740198791,0.239604854260957,4.554
4.07884511679677,0.183938358803438,4.171
4.29968805614644,0.244926813968833,4.565
4.44041557008416,0.163625157902938,3.31
4.42444395563408,0.177419021721817,4.347
4.47405629661551,0.222369343925077,4.889
4.51450156483062,0.251159295715913,3.48
4.74426740904946,0.152434751289243,4.745
4.74446069012695,0.166917413660745,3.722
4.99779450744042,0.241963316631979,2.958
5.21089007789534,0.147680239485493,4.824
5.17603423760533,0.185236387046217,2.861
5.3809057113815,0.197280334713294,4.002
5.39005207511813,0.256113297605968,4.66
5.39982588088112,0.254732727855941,3.677
5.54291125243328,0.176829358743372,4.703
5.56096906714132,0.174654763143856,4.544
5.69058357719968,0.172351423681132,2.533
5.85347616072529,0.213020684659909,4.789
6.00056347241944,0.153870905412623,4.902
5.96332329856837,0.21245698118516,4.251
5.94049553235042,0.189043398694434,3.378
6.05194816139689,0.164226624019515,4.715
6.14859845478779,0.222713684820125,4.638
0.0577522323305588,0.265004103252197,2.769
0.0637164499902901,0.352673420829997,4.983
0.399172087619087,0.267835223124874,3.712
0.311775423806238,0.367123942265192,4.771
0.495366048445496,0.336781995183329,4.584
0.495365772159876,0.336745178509956,4.517
0.500207853589916,0.363173041310117,2.651
0.836141199354157,0.344295441438157,4.452
0.850418762500204,0.367294895869161,4.867
1.06768456332865,0.385402323306519,4.463
1.13356254600167,0.272753852601512,3.75
1.18054304112497,0.282638890641193,4.785
1.17187934470233,0.27859221264902,3.936
1.1722606382319,0.276999142430311,3.407
1.16215216122151,0.272590454702408,4.504
1.2185672606838,0.277821133166806,4.686
1.14726983799899,0.306174650542882,3.86
1.15233620802602,0.304457579567741,4.81
1.15841778354451,0.312900976168873,4.262
1.12251297227425,0.359164170291135,4.947
1.17206122284568,0.334761699430593,3.635
1.15789265533689,0.389101503975692,4.215
1.35131835831506,0.272223101990238,4.85
1.32893365631956,0.268852351620119,4.652
1.34150421013907,0.325417574356289,4.986
1.32250481630499,0.376815906921563,4.633
1.48918153475018,0.288575238010764,4.816
1.44955060173388,0.32453065859335,4.639
1.42957633242947,0.382872275871404,4.844
1.47325306990066,0.369007793412995,2.931
1.62339474984824,0.281528648481289,4.923
1.54628723900634,0.353886347342047,4.462
1.58789951289914,0.35148220132692,4.662
1.69717182847293,0.352768294135609,4.102
1.91154124388852,0.288684157551663,3.575
1.85052397246451,0.359019338855547,4.05
1.92039950595099,0.383664205405928,3.559
2.28937024270784,0.3168524679179,4.048
2.28326490906943,0.374695986204326,4.654
2.64998818726835,0.292563700545737,3.49
2.70410906329713,0.339831523987805,4.834
2.88995804328297,0.352204656285239,4.405
2.9419273908563,0.269296814374905,3.304
2.94134651002558,0.358211739231399,2.544
3.08916993771917,0.352886943712554,4.585
3.23198812589186,0.310544225442249,4.835
3.39869729105504,0.30385215207736,4.922
3.44697341494247,0.30594652012715,4.427
3.60961308891483,0.304680362469178,4.536
3.61927770164383,0.275725559094503,4.21
3.75138411199944,0.284609996208824,4.981
3.64200127816315,0.321114964773262,2.719
3.86259259531443,0.296082479969167,4.71
3.8428926947355,0.286554133123387,4.877
3.88941431452412,0.333368795438742,4.757
4.12852220722452,0.26916152238541,3.653
4.17330078588779,0.273398734481365,3.882
4.10829092579592,0.343313325120372,4.513
4.13965749197711,0.316630039318302,4.273
4.15067723383883,0.366133766365987,4.914
4.28443731189572,0.334283318819788,3.761
4.32065402345169,0.37506507482097,2.86
4.71263734440244,0.292358661883207,4.806
4.71896361787459,0.37691742015778,4.852
4.75060375237326,0.363282530002885,4.319
4.81579180045885,0.379953810123647,3.975
4.97254179768944,0.262991398809042,4.129
4.91755730796309,0.317327295212881,4.356
4.9116274423973,0.358600696152649,4.243
5.14914246908251,0.31440172911666,4.458
5.15329832195726,0.305014522509633,4.488
5.12507911621923,0.34511095717766,4.974
5.0449498847293,0.373333369085518,4.739
5.29828283705759,0.265248331712285,4.954
5.18095664327634,0.323484264068143,3.956
5.23056477679254,0.340202191778355,3.668
5.4089394758865,0.27771772624835,3.753
5.42561299561376,0.263101023288426,4.453
5.43957313939394,0.281421964183563,4.356
5.4040728865431,0.370030526509534,4.798
5.69200561108581,0.302814908313421,4.454
5.59415843407481,0.345653885125658,4.2
6.04215673862949,0.265383654070509,2.452
0.206558732782364,0.423545381286924,4.199
0.249611161965857,0.408715126995577,4.499
0.168231173777802,0.511586583149763,4.44
0.321791268513769,0.429066663529498,4.786
0.346738308106339,0.475847557738085,4.753
0.514560646360843,0.411828997362927,4.802
0.554890706264686,0.409502432978379,2.125
0.493412441898011,0.516247889833601,3.457
0.713193613164295,0.483580997509138,4.624
0.741694692369041,0.475785639739409,3.579
0.73264129621302,0.510458500583311,4.639
0.874145269784909,0.506991346428359,4.639
0.985355219176471,0.425297489572266,3.849
0.981204072931124,0.420859028621719,3.674
0.992588036384332,0.420715785610283,2.834
0.999909508813278,0.419811260696923,3.601
0.987534393298214,0.417977521617136,4.152
0.982656341155889,0.427034399705015,4.272
1.16198673699515,0.398172076615015,4.303
1.23152628901556,0.400674193022511,4.239
1.58877442533468,0.406026585512956,4.261
1.52286950647172,0.428783689109082,4.987
1.56204468794364,0.452981192516527,4.806
1.54168180275532,0.481924882158123,4.55
1.63571491978045,0.392818137413787,3.519
1.67097776038006,0.392940460734275,3.064
1.63789611953133,0.51483853436822,4.434
1.76248626544897,0.438620864461087,3.138
2.02653456200012,0.425825375225573,3.662
1.94484917697222,0.485168042502203,3.888
1.98933722463755,0.469419347787369,4.227
2.021580448409,0.504112370849323,4.369
2.06602013369888,0.467151138137296,4.977
2.29814913138471,0.5019549548747,4.126
2.46376917357007,0.456967794355984,4.599
2.49460109845202,0.400866735476663,4.475
2.55625819728237,0.414939001825983,3.042
2.58641922335944,0.453906931732412,4.013
2.69081812884312,0.408709496039811,3.455
2.86065292178416,0.431964144310994,4.477
2.94613232622933,0.403092746207015,4.74
3.23979013668216,0.451100533401392,4.859
3.29366020156705,0.394954773847401,4.773
3.25913136983088,0.493377087810551,4.466
3.25678910149732,0.475920556657648,4.948
3.25935119492283,0.468196801195015,4.971
3.36717075515047,0.480676163480971,4.999
3.45519882149082,0.486566052280248,4.304
3.43471563581862,0.482142680922815,4.952
3.71056510299257,0.437932419861237,4.868
3.86148135726965,0.472546634500679,4.808
3.86148447844196,0.47253406847913,2.578
3.93619075657231,0.436474388559281,4.965
3.81651270788752,0.519150400479468,4.501
3.95884790655844,0.43404936247218,4.974
3.94638881470095,0.470325200198159,4.653
4.04841711294001,0.507990256653272,3.672
4.19880342469326,0.398012764182623,4.827
4.11349184203325,0.458945169146288,3.851
4.17826368581544,0.469107375943162,4.274
4.14338598353121,0.454979288553842,4.685
4.19508541453945,0.520999264233487,4.963
4.51617842691045,0.433525874699523,3.115
4.58471158717757,0.455716772193285,4.552
4.65330337567227,0.483817037931573,3.49
4.70263601123497,0.510471775383069,3.794
4.74529942904295,0.502000120505083,3.823
4.95127250751909,0.395231131724623,4.667
4.91342763921592,0.465341990572137,4.958
5.09943966960581,0.430483816078779,4.61
5.10838920401057,0.48808600402434,4.683
5.10823591488396,0.487988448322201,3.186
5.07945930124834,0.516990029138823,4.957
5.20745828725263,0.420268286331665,4.631
5.19701669513042,0.394619761562672,4.86
5.2407909483357,0.48439121669796,4.675
5.30259349400473,0.446663770132608,4.725
5.30479254690306,0.4854501983632,4.656
5.46343916480839,0.472931431604189,4.66
5.62846102645949,0.412575541704648,4.7
5.69258970576581,0.447590227726014,4.185
5.69039686589056,0.501653849799481,4.745
5.79017825761932,0.442355623143463,3.809
5.96261522442495,0.411298657951224,4.068
5.97776680831783,0.429378519483843,3.604
5.8526225931429,0.494460982305534,4.792
5.94178481160672,0.511514656909558,4.789
6.11143347844754,0.414347085627474,4.602
6.13212588127503,0.408478632089405,4.49
6.05241929924036,0.444505024042562,4.9
6.03785431056071,0.49013705806355,2.654
6.27340613836887,0.438800210306232,4.832
0.0799693638683075,0.642023298445583,4.512
0.171600701544781,0.538626379504157,3.405
0.312678322770867,0.525163344590323,4.633
0.160922630049823,0.588513584186439,4.319
0.304263462477538,0.621696012214421,2.244
0.565241346312521,0.610643482771909,3.017
0.598010283849557,0.597325585424413,4.933
0.599147336012101,0.590744948365205,3.999
0.748370787942759,0.611907953394627,4.735
0.867125132465577,0.597297965763533,4.993
0.978775875929838,0.563536265923874,3.906
1.02159370807819,0.556474468293429,2.858
0.970304584778468,0.592801562848879,4.962
1.04268152938489,0.624671355275441,4.026
1.29587915115191,0.578857453932138,2.83
1.38830537442706,0.582444417086258,4.689
1.27685238723903,0.640591376047508,4.939
1.45179932879711,0.561856855139733,4.763
1.53170375908686,0.651104993370097,4.917
1.56957750997115,0.649484962701367,2.602
1.8812008628906,0.527877686402611,4.533
1.80113168311877,0.592735712797932,3.605
1.95962058120465,0.554744762879832,4.198
2.00348758295172,0.603610860239773,4.928
2.44806448017648,0.600263498852427,3.291
2.43841885174282,0.64233134783683,3.916
2.50552060483307,0.635257249823948,4.64
2.6504105541548,0.615135965677063,4.498
2.78694270864297,0.558090658888739,4.768
2.73106312855507,0.589853577300285,4.751
2.73965821416495,0.640661871292259,4.304
2.96042289068204,0.57760457980057,3.635
2.95912689295531,0.550288251559628,4.327
2.95912689295531,0.550288251559628,4.804
2.8506101647977,0.59716228962707,3.905
3.55522175718876,0.648955555644551,4.978
3.56684885984206,0.63346450311777,4.98
3.62937406589467,0.601165396696198,4.94
3.74371800685639,0.619757730704966,4.913
3.80407520557834,0.530081594981447,3.71
4.07067373133035,0.547320065744804,4.143
3.99463416476847,0.581453512686624,3.563
4.03385065835832,0.652354676341661,4.334
4.09880993461967,0.639415818954605,4.962
4.1505334342419,0.622338757811269,4.908
4.22793573590684,0.636886751521865,4.845
4.28520673488594,0.539167017580177,4.958
4.36895653898633,0.551557849610622,2.952
4.45185304987009,0.539767639480995,3.895
4.52618903196503,0.577705757759038,4.823
4.51624549764467,0.642441098328986,3.292
4.52769346563768,0.650859300404234,4.623
4.5539255731816,0.648318690061953,4.504
4.70585485425565,0.526902382453962,4.454
4.69603966830689,0.650144557183215,3.985
4.7990525645474,0.629445058719646,4.446
4.93090379834159,0.582288416765188,3.631
4.96957943394393,0.570540402064623,3.217
4.95021072128427,0.644002253631525,4.464
5.14600191437623,0.526274773748651,4.78
5.11281999319186,0.601317688716206,4.709
5.16738213610304,0.651956552602114,4.991
5.34009840253834,0.561824653116902,4.574
5.21987054983189,0.612321246663368,4.008
5.27712073331619,0.642972645683063,4.904
5.29940375190587,0.642391248758489,4.962
5.36425016069156,0.530031273822987,4.044
5.43522829074862,0.536160180576403,4.334
5.38391796239662,0.615243454571574,4.815
5.43762295194646,0.592892771835726,2.57
5.4428475823214,0.636883530342197,4.734
5.55423256921285,0.527559644303265,3.3
5.57596830473444,0.60906549830659,4.361
5.80316471327667,0.579069183663422,4.325
5.9472195393065,0.527460273633237,3.016
0.0745761451595989,0.675122081045565,4.607
0.247626291335481,0.671938870841429,3.868
0.217355099901494,0.716962232804957,4.496
0.438864270522031,0.708203096193762,4.942
0.422367400280756,0.72267700783346,4.152
0.560633155757408,0.660765592889013,4.804
0.540609990704945,0.738795133249472,2.308
0.744314649916974,0.668786627141546,4.253
0.807985120429851,0.67789067990831,3.539
0.707942957486746,0.701516629175497,4.961
0.779992843273838,0.69224521207437,4.69
0.834658702724879,0.691352658199816,4.732
0.826833334891326,0.78291167205008,3.889
1.03783252161571,0.698310955885756,2.854
0.982593543162204,0.743135888923163,3.813
0.878959279862859,0.756245104233315,4.954
1.11216129707163,0.706573060076029,4.797
1.20729006425693,0.720206908269361,4.374
1.36759050519783,0.671681107876591,4.847
1.31980983909528,0.716908567595649,3.888
1.33742186093311,0.719680248360787,3.123
1.39248919986826,0.699888277649558,4.761
1.31758802657991,0.764861111628542,3.069
1.52355890227601,0.683838704054176,4.623
1.53366374167117,0.683270137743064,4.087
1.74240785583876,0.741570859862349,4.931
2.19403238280923,0.753775113054163,4.415
2.38468460052634,0.671117721004568,4.653
2.35901072921329,0.729257781551949,4.026
2.50918932252547,0.691525507231353,4.909
2.71542259049772,0.724303200910713,3.216
2.76299357972525,0.705559056069211,4.742
2.6926009390408,0.748998725468101,3.428
2.96327399771625,0.66646642971811,4.773
2.85352174783955,0.7538069843371,4.659
2.92195808666455,0.776645047823107,3.11
3.28882169020799,0.721824168227903,4.309
3.38607195623724,0.668779582469086,2.845
3.47993494380287,0.708125626962385,4.737
3.80516355781877,0.668599037931811,3.043
3.93548199529277,0.704948400794122,3.577
4.06567019629799,0.71382808834395,4.992
4.15683196465839,0.740918764711231,4.664
4.3375926389701,0.740665848351193,4.193
4.22705486369551,0.784262269958995,4.216
4.37595967260996,0.679321532943153,3.577
4.90774618758429,0.656332991881429,4.342
5.03421949995707,0.683226059801871,4.373
5.04560823147526,0.66555914770813,4.476
4.95383356945501,0.767003976269593,4.355
5.21793541654734,0.671719752956888,4.93
5.31359678369479,0.663799852156928,4.837
5.33297733928609,0.70261159516659,2.273
5.56232520891407,0.664017173399537,3.776
5.485454996877,0.718502446774467,3.932
5.57377825406987,0.687566874816757,4.248
5.46831692932045,0.774703951097569,4.749
5.51930290585879,0.766685649856111,3.88
5.6495265766668,0.672546201438826,4.99
5.82926705314725,0.658839802875548,4.277
5.93089633299099,0.68155598897269,4.839
5.82014432623015,0.693156262250205,4.657
5.89261421328443,0.752645091601444,4.493
6.02976694681528,0.738727676273882,3.611
5.93636355627797,0.772767336203017,4.64
6.18778867070042,0.755170364688391,4.266
6.19770100307161,0.773773145016332,4.126
0.189664245296091,0.820733156257398,4.972
0.195149903274237,0.842721427657254,4.463
0.183542721459943,0.881609797776929,4.775
0.359277470433923,0.794627100929911,4.988
0.382472939128027,0.792496308731297,4.874
0.30326044043144,0.824524601837615,4.284
0.213075186230994,0.889562734168971,4.875
0.427573389492089,0.848722412248475,3.719
0.452304728205728,0.884685235296018,4.011
0.635403400379385,0.87752766516633,4.895
0.716436108014332,0.859202111191447,4.155
0.918805689308754,0.837674508103014,4.492
0.944614189211655,0.841120063284874,4.295
0.972692567648459,0.834051776171204,2.963
0.824960399556264,0.865915060963117,4.107
0.913538104635592,0.864094205729335,4.715
0.907794452785548,0.856308608189849,4.962
1.14123923901009,0.811558601613631,4.803
1.11220104921428,0.844902164023211,4.238
1.08498928661588,0.832741809527276,3.982
1.07592527798534,0.878794886951548,4.263
1.12680039609652,0.877822000807512,4.6
1.57051253835292,0.801747272667986,4.516
1.82220421446856,0.787040490298307,4.896
1.94915841007976,0.858903091610152,4.607
2.13129768453744,0.898960964275554,4.8
2.35276298857615,0.838496552770183,3.128
2.37201564783613,0.82303879693674,3.547
2.39491010116494,0.900672336576154,4.479
2.50814248782823,0.908469677039914,4.468
2.49962297672029,0.901961145815291,3.214
3.08072528413191,0.833907941144086,3.818
3.24642122754485,0.899931171688253,4.859
3.55372746544986,0.855490183335549,4.685
3.72402408071403,0.903905423054325,4.535
3.73667859638973,0.804392685843059,4.181
3.77513233065644,0.904966169421972,4.1
3.73572666065444,0.896527327082989,4.763
4.20099998107262,0.803491984422491,4.694
4.2749249311474,0.808320777788271,3.854
4.40362699563919,0.802560198513411,4.838
4.622787013824,0.802961921470942,3.763
4.58337828548155,0.91283093038394,2.874
4.6975811221583,0.89865169612089,2.381
5.10380515746767,0.902855012875574,3.775
5.17042480681075,0.787679240836497,2.893
5.29402385791334,0.817087618457318,4.832
5.29546758414768,0.815790117827572,3.929
5.13319756497677,0.876523533439894,4.534
5.44952082567805,0.804843497232999,4.89
5.30349706387393,0.832770147042077,4.157
5.49702742988401,0.829396953560071,4.735
5.36714490636759,0.854366045911338,4.92
5.64605664202782,0.79572763644118,4.082
5.52659188898371,0.831621533120436,4.703
5.68145853597599,0.893427379905214,4.648
5.85132888877882,0.812216340810484,4.523
5.88843697523943,0.832642273574568,4.546
5.70196201860567,0.860614441396005,4.208
5.86655997189552,0.863526051315928,4.591
5.86238812744151,0.911568860810674,4.542
5.89611357417461,0.877594322955656,3.758
6.03963800756018,0.873573752645631,4.759
6.07614598838838,0.862300972599895,4.558
5.92265970659353,0.899632042674814,4.662
6.18529001021937,0.810847738434071,3.964
0.161317010930789,0.940678885216907,3.628
0.138631100012984,0.951593006035479,4.756
0.176742909618461,0.986763901642892,2.349
0.214177002813934,1.00908828209238,3.518
0.0400055159294348,1.03236564617284,2.299
0.310228042118556,0.96254810317063,4.343
0.247248158248121,1.03290425879427,4.728
0.239994167927505,1.02926762112617,4.957
0.409852507629086,1.03379417809431,4.791
0.533639940844487,0.950987134358804,4.98
0.806326886423657,0.933863752700718,2.992
0.760342740254593,0.920879172050583,4.013
0.744805493923967,0.975560393366101,3.942
0.809571807281353,0.989701481363953,4.88
0.912235278657232,1.04615618112524,4.233
0.915915794949918,1.027628080818,4.642
1.29715781217411,0.93815117058887,4.43
1.56873333906693,0.947446271109815,3.832
1.54830965987197,0.972268966465156,4.966
1.65641861174662,1.02993463535174,4.437
1.82071288193541,1.01966924730748,4.448
2.0202517946993,1.02469124443267,4.958
2.42683151920904,0.942859264488499,4.83
2.58354989980023,0.943600703742158,4.563
2.75162638714082,0.977044727652549,4.88
2.57870014607733,1.03042655151449,3.797
3.11467412306089,0.93715030768959,2.399
3.20889349499155,0.995406626712841,3.298
3.51345951151665,0.959720878523777,4.007
3.58114457249247,0.954374526268808,4.828
4.17915028724458,0.955563678778452,4.987
4.0357666036676,1.02915192464632,3.421
4.38643474643041,0.991030228623297,4.881
4.19703303757466,1.02215649734947,4.055
4.59097394861238,0.963144496662269,4.899
4.59137098675713,0.962947230823562,4.87
4.68415321810432,0.992614951455792,3.853
4.85452601210341,0.995633524577056,4.832
5.04881348222079,0.931455306892446,3.884
4.93579826652726,1.0365222333076,4.765
5.29444659777665,0.98729299436591,4.287
5.43387375485331,1.00495582204014,4.571
5.6876252210792,1.02590529057343,4.267
5.806948642771,1.01580361563474,3.51
5.8251602096415,0.995596373149532,4.208
5.88686933743499,1.01953763604284,4.207
6.0502427569006,1.03707052552506,4.829
6.27886056071299,0.973107252991811,4.991
6.25868021567142,1.0035535615127,4.628
6.15242526388025,1.02187129170014,4.866
6.22671336199449,1.02367029296823,4.998
0.231567119301877,1.06680776035247,4.848
0.143988742104753,1.09836688626657,4.183
0.37441840136064,1.05130601750948,2.663
0.499141210103793,1.11125363161282,3.313
0.650421884765369,1.17639372869707,4.627
0.872611873769589,1.14584858986009,4.712
0.986280645454822,1.10557963114083,4.894
1.03595734475429,1.10081843891484,4.943
1.00147595054359,1.14364396063481,4.625
1.32391159496626,1.05491616806085,4.123
1.28303595665742,1.15789789027745,4.292
2.22646036102664,1.05973625834231,3.436
2.26986054985612,1.1227342784526,4.722
2.40383162652586,1.10852200685214,4.684
2.49375375942614,1.10063601308716,3.679
2.40153944442945,1.17170946622118,4.869
2.72328420288571,1.14434992886394,4.923
3.62780793692736,1.12963421197929,4.783
3.68434810965091,1.12356987699768,3.628
3.91644649722871,1.15073858197436,4.865
4.29347405953053,1.07362329045466,2.801
4.36733154913906,1.12729150853515,4.977
4.43325921121298,1.13681672373666,4.937
4.48893051051473,1.14693682987584,3.132
4.82577264066837,1.1442986016977,4.955
5.06437029473953,1.14693489727276,4.58
5.36505704071646,1.09945507968203,4.228
5.43360097821718,1.07929031920895,3.511
5.57884242568016,1.09232236024836,2.458
5.66324623798707,1.08353437055211,4.807
5.6960950313187,1.06675940513287,4.349
5.77612732983997,1.12797086485652,4.446
5.97635765286718,1.15541511438699,3.611
0.374956498411802,1.18909309828735,4.844
0.506147202402202,1.19878360227767,4.953
0.532138465853988,1.23756161994113,4.647
0.538593097995184,1.26398913001025,3.94
0.837486281499037,1.29841437191746,4.84
1.0051285042182,1.24498287790487,4.611
1.65302899471635,1.20985842655605,4.758
2.36729862203952,1.18035948868726,4.942
2.50664630903935,1.21876941065189,4.633
3.01681760522227,1.21005554351817,3.987
3.28769401988831,1.21803406783331,3.849
4.01743871426765,1.2537394172916,3.011
3.88644036074518,1.2942572165035,2.215
4.31089424402723,1.20022904783586,4.942
4.61182124312781,1.20005295458631,4.821
4.63358398849224,1.25923493166763,4.6
4.80419230036219,1.26944178590663,3.614
4.80295823180425,1.24507961050973,4.21
4.94974344917056,1.24437072286835,4.942
5.02896986390087,1.18091667143739,3.165
5.24828296142372,1.18461717401894,4.653
5.11538493482018,1.21581701989226,4.757
5.18438039859771,1.22640672606532,4.01
5.04203886158907,1.28029453693445,4.593
5.6228382442452,1.2315164502455,3.173
5.68070436053118,1.24461906262603,4.659
5.8023784082402,1.2625922196151,4.888
6.10265207702014,1.18876949138022,4.971
1.83288919100964,1.34350920860451,4.699
2.77110959060689,1.32144036390521,4.959
2.51802217695735,1.41941314720102,4.43
3.78529492352014,1.3211443419269,4.401
3.70380160167898,1.35345946261703,4.963
4.11922899724422,1.35777014556957,4.279
4.26516945745021,1.32217985380062,4.991
4.38937574019002,1.43182018426451,4.312
5.27477408542795,1.35632017384904,4.391
6.05584464630201,1.31576067557972,4.609
6.19306811104612,1.35493945731682,3.322
0.299969153331367,1.50547025754846,4.364
0.662293434743054,1.55795306458163,2.038
5.99702128341835,1.47211850134164,4.85
5.96677588672898,1.45130815527195,4.916
4.59116042185859,1.5112188593268,4.34
0.0232810751740524,-0.0996166975736281,4.727
0.00855347154999612,-0.104965349125354,4.576
0.231292079846373,-0.0199710833803864,4.941
1.02228927379592,-0.0515698834209132,4.804
0.918992228702944,-0.0885782908118248,4.71
1.09897124404465,-0.119338278108927,4.067
1.20566916144717,-0.0585112566490964,3.896
1.24573909957369,-0.0568039221677204,3.981
1.27799330652759,-0.0951675480522084,4.395
1.40395352369075,-0.00667523233386977,4.678
1.43873178706257,-0.0190631351782309,4.884
1.41579780045541,-0.0418379322241818,3.564
1.41580592601027,-0.0418361481486204,4.871
1.34325129449416,-0.0887721289984135,2.779
1.31527606030376,-0.125209344404887,4.752
1.38581978454225,-0.1194574006701,3.556
1.48721790023895,-0.0197010132263279,4.9
1.47805865457618,-0.0453797580222524,3.763
1.46339719229852,-0.0844451544444955,4.607
1.46360260620684,-0.103147194090458,2.715
1.46190831142938,-0.104754942702709,4.702
1.44832219676936,-0.127435962509819,4.565
1.47866352216494,-0.125887659462825,4.79
1.571039977551,-0.0536559353258831,4.669
1.63561585384491,-0.109515454599362,4.117
1.88436364576117,-0.00860037901897272,4.136
1.84530603123846,-0.0739886860084006,4.937
2.09972823726974,-0.0243056342340543,4.853
2.13189412759643,-0.0520768801010677,4.456
2.20636300621646,-0.0681789261477464,3.876
2.28495398443977,-0.126252356656537,4.716
2.48337395178491,-0.0483273960757924,4.64
2.49574267956944,-0.0206763419586517,4.562
2.53009921833598,-0.0199457811676873,4.036
2.65263042708578,-0.00648656136906455,4.473
2.88776909392115,-0.0433642207351886,4.912
2.9524935469527,-0.0637325066703426,4.477
3.04101303552763,-0.0143770940373002,4.414
3.01206684709814,-0.0524209316205256,4.929
3.2284485339407,-0.0116377406096334,3.874
3.32339653318657,-0.0252987899338909,3.484
3.32338417049588,-0.0252957694670874,3.528
3.44680783852339,-0.096672410377719,4.395
3.5547808001023,-0.0104010859973365,3.38
3.54286457021937,-0.109184586948007,4.897
3.78824715039335,-0.0388851079247694,4.918
3.73506888079141,-0.104712109530338,4.126
3.91470067893546,-0.0758599636297395,4.503
3.85307353903079,-0.098741018240414,3.907
4.14350344855319,-0.0598672706637458,3.535
4.25138677770117,-0.0644722831488234,2.896
4.26872940674723,-0.0819013883723938,3.321
4.52307073666443,-0.00777189879925319,4.915
4.45521482662986,-0.0736990416377151,4.988
4.56679454496741,-0.0887759929828445,4.569
4.71449868394448,-0.064407383255121,4.66
4.80537143380927,-0.050594035104071,3.337
4.91822680265059,-0.0828659473760353,4.337
4.96136523031498,-0.102037347422162,4.939
5.00145542892159,-0.0852130197283592,3.395
4.98152074385916,-0.100166486934515,4.131
5.13441518345745,-0.0224545820116863,4.323
5.13515495278008,-0.122652613678036,4.942
5.28531265624645,-0.0143374483597423,3.208
5.40326914758726,-0.0192879238120439,4.409
5.44428098929654,-0.0877499132174653,4.638
5.63548789603735,-0.097235041522176,2.958
5.7848236907977,-0.00558242322066617,3.033
5.77404683593601,-0.0376181947137636,4.765
5.88538165124371,-0.000350020894565557,4.338
5.88537818484528,-0.000358558521667538,4.492
5.8540746187669,-0.0242138592369308,3.827
5.91385417214951,-0.00204849294306574,4.012
6.08387994983834,-0.105574986000825,4.406
6.27739500651836,-0.0620635729231691,4.989
0.0847702291735294,-0.154006477527463,3.674
0.192815289954778,-0.185171582447491,4.878
0.299279755432679,-0.177714045546323,3.573
0.366624459052934,-0.142816050493416,3.722
0.486338375999188,-0.180380507217643,3.851
0.47815502612622,-0.186513087191003,4.694
0.636827410327297,-0.214509327466148,4.862
0.769807054809842,-0.155293181550456,4.013
0.696227740489886,-0.207208323560538,4.874
0.716119456069735,-0.241880054303749,4.216
0.854485876203523,-0.153933336712632,4.821
0.929085619610872,-0.165077830869556,3.814
0.974104730301408,-0.17040337687998,3.622
0.986731765244441,-0.211212591448151,4.613
1.03859940026495,-0.23576808457446,3.129
1.11392553190462,-0.133428108753708,4.506
1.2137909635058,-0.249651504553385,4.023
1.30868693012335,-0.218819205647378,4.804
1.34890562039309,-0.152787562267151,4.211
1.4134860013818,-0.136276308942043,4.237
1.36265884683833,-0.207156777530008,4.436
1.36672934822573,-0.22586817440969,4.434
1.39441080702564,-0.22997829075685,4.239
1.5788263241858,-0.184968802241013,4.992
1.5138803544892,-0.258691795206586,3.541
1.55511145528015,-0.247278776908254,3.738
1.59765432546561,-0.260669353256462,4.669
1.6395103602448,-0.239431547255024,4.987
1.80724460841583,-0.210113733198293,4.23
1.74218173342433,-0.246890097494356,4.986
2.01257062963374,-0.166698647285516,4.039
2.14357754713778,-0.225618643639334,4.82
2.29674707104654,-0.236452574781824,4.402
2.47656723926063,-0.151121107411114,2.14
2.44557123946636,-0.166778407261536,4.915
2.44247062627094,-0.209000573895077,4.873
2.64035363993011,-0.228020721962897,4.574
2.6641924380337,-0.215618868527292,3.707
2.58081059995417,-0.259122259373574,4.21
3.03984815635909,-0.171081398722603,4.662
2.98717400259684,-0.189530960260703,4.986
2.96418862791144,-0.257942617337556,3.674
3.31283614383256,-0.139548908627282,4.783
3.378750980529,-0.166486770248443,4.975
3.72145978206501,-0.179309898343458,4.325
3.74857395318201,-0.233369573878421,4.532
3.93123408938996,-0.148683623861944,4.963
4.00120143138388,-0.163761945639602,2.568
4.03257501919918,-0.180157423945042,4.972
4.0761220689331,-0.175659182500553,4.722
4.08200084801356,-0.258126395795402,4.015
4.24114978389492,-0.175653779833854,4.942
4.20785316822422,-0.198498107655612,4.363
4.1808903724803,-0.249221815661651,4.927
4.31010371197784,-0.146113271538412,4.653
4.35092622595491,-0.184431623058505,2.546
4.40623122881776,-0.18819942134722,4.687
4.541467469355,-0.224220365604183,4.329
4.61572055040486,-0.141699214130532,4.616
4.63129462562617,-0.224716478585655,4.24
4.70814139579699,-0.170582014645047,3.42
4.81562395389002,-0.155934844519569,4.77
4.86600897848578,-0.143886164392224,3.991
4.89684317369202,-0.157996792729437,4.734
4.83978734745522,-0.254221380069961,4.684
5.31299089840455,-0.218309530584954,4.342
5.31476180999458,-0.218949082054737,3.665
5.32614971300498,-0.222687964077471,4.741
5.32766642437078,-0.257984227034122,3.151
5.46573365946606,-0.156788426413657,4.756
5.44401298648498,-0.165732563387707,3.758
5.53964947867632,-0.198473478441872,4.601
5.66251057629683,-0.137081693568837,4.7
5.83303849655611,-0.135844007641485,4.268
5.78767390160533,-0.242071587957594,4.261
5.98916026671123,-0.132290275207257,3.934
5.89330898103763,-0.186365566203038,4.815
5.97597109629725,-0.237236140000441,4.211
6.09072608882682,-0.15861091003963,4.363
6.09950429682529,-0.160264693805298,4.373
6.1041202293119,-0.167739108912997,4.999
6.20779759875311,-0.253856473087673,4.478
0.0163169231302026,-0.302569765300805,4.527
0.0491498055167747,-0.269967192548069,4.95
0.0638802353524887,-0.330440882398276,4.629
0.190185411257245,-0.313926758355615,2.139
0.454154917188248,-0.278196833614255,3.572
0.523621240778299,-0.367877531279373,4.167
0.663605684801243,-0.266068733675562,4.792
0.72039808360711,-0.324152486061549,4.521
0.746296951422691,-0.366589359085413,4.871
0.870555794403864,-0.379746396242537,3.91
0.93282385149846,-0.377563911231203,4.233
1.22365824369301,-0.343332173105498,4.528
1.36542011270022,-0.282838148947774,3.247
1.31522053038468,-0.349972000562826,4.877
1.33282541679293,-0.390448232140589,3.334
1.45180949411827,-0.311057684378492,2.587
1.39822047803203,-0.37070339526754,4.723
1.43224088680499,-0.362317170591248,2.901
1.53292966561256,-0.364408852230253,3.879
1.50301679498639,-0.391783399593587,3.638
1.59254958140792,-0.287707684406949,4.988
1.73612417677793,-0.318303993854134,4.564
1.73086033566148,-0.33607845767424,4.068
1.81350109419971,-0.351448179100212,4.708
1.8044457547941,-0.352979974299542,4.773
1.84899400165785,-0.272852294058247,4.078
1.81574056019686,-0.297652598933679,4.371
1.92957271616763,-0.331902273633574,4.941
2.09381715458829,-0.321127123609496,4.618
1.98118174121501,-0.389141712871,4.493
2.13378391757608,-0.33588887355317,4.368
2.27644285946435,-0.278264586597686,4.983
2.47534318819446,-0.389972915804353,4.849
2.73183485084205,-0.293848685943016,3.985
2.83451907104114,-0.282640490409986,3.234
2.87880897025476,-0.319374042303096,4.195
2.98836573348139,-0.308644320581453,4.091
3.07510851998742,-0.320279864170624,4.813
3.21056675174475,-0.306165342178382,2.532
3.28152636508017,-0.282673565097443,4.338
3.27190893244058,-0.288242861522272,2.926
3.48374522096212,-0.319546495668491,4.81
3.52317719377408,-0.278791532391191,4.873
3.88719101079943,-0.279981825822567,2.742
3.98031863966399,-0.345429185329104,4.529
4.16184947890539,-0.29198124856963,4.24
4.11001736500036,-0.343460303660006,4.924
4.32466172911433,-0.289946854745328,4.378
4.30670454729843,-0.322121408886424,4.281
4.21253863811889,-0.345607548379347,4.517
4.21251470773498,-0.345669371781177,2.592
4.24113117467084,-0.339652392818158,4.35
4.29395954886738,-0.349717293844041,4.591
4.2184922035106,-0.360744488436197,3.929
4.22110260136662,-0.364228636163944,4.404
4.32901192038702,-0.374660672433972,4.449
4.49587022568012,-0.27445581251599,2.477
4.54223544023128,-0.368481494089445,4.431
4.61459246940921,-0.268755512899236,3.553
4.64009249283879,-0.378441302732413,4.914
4.7724434571584,-0.367545929891601,3.845
4.9642837117707,-0.36838059677992,3.636
5.01679139463263,-0.366929828665647,2.903
4.99462193606527,-0.379460645875946,3.861
5.06899055215203,-0.27846758497032,4.579
5.06875314758025,-0.311492406625255,3.935
5.05113403289887,-0.330790686348416,4.991
5.17648221807122,-0.34489648605772,4.99
5.36191468256146,-0.310908163766802,4.967
5.52373301453621,-0.30076752365443,4.07
5.51700916745229,-0.346533886766765,4.868
5.59485623311585,-0.293818184918074,4.377
5.67270895748591,-0.290811244416275,3.704
5.70303013096089,-0.281462174998733,2.885
5.6839197937021,-0.329279434197981,4.823
5.65958082839172,-0.339746029732527,4.486
5.61414445869532,-0.391152312796143,3.841
5.62311633156918,-0.38060712159472,4.602
5.99804489930243,-0.276124410287282,3.258
5.94977164770336,-0.328652046800419,4.83
6.0626021750989,-0.369529525558958,3.807
6.06464799838634,-0.391959476087977,4.802
6.12161850088653,-0.350817351309628,4.072
6.13503491159832,-0.360271139609625,4.538
6.20361330818167,-0.310957194254281,4.906
6.16658460610221,-0.365027380860131,4.759
0.0101754774078409,-0.518719063996921,4.999
0.25571695357866,-0.512384128804755,4.274
0.543192827892215,-0.511325972505718,4.659
0.671276163041261,-0.492747382964808,4.95
0.795840327638593,-0.412322560243829,4.092
0.865545357990577,-0.392893045723552,4.976
0.838070294846693,-0.505953593900943,3.976
0.989811693321163,-0.405784257541891,4.266
1.01975981750382,-0.42956433613719,4.603
1.0468685566326,-0.419162748008627,4.602
1.19340908738989,-0.519523236143483,4.612
1.70979494951512,-0.408728825561277,4.286
1.72375844170947,-0.400811900547691,4.517
1.80699421650002,-0.42209412325873,4.041
1.84579270914453,-0.415969408088045,2.999
1.84009680548857,-0.487554814986358,3.656
1.89478880630661,-0.459938167417426,4.415
1.86921025457986,-0.460648380810905,1.905
1.89722046237594,-0.467271194449619,4.004
1.9628710120668,-0.401849828480698,4.88
1.91407193325574,-0.428630186703237,4.927
1.91422530179483,-0.435536166574052,4.383
1.99971445198401,-0.442699070429934,4.664
2.0424115857134,-0.45268917519619,4.468
1.90495366129156,-0.486618339203046,4.857
2.00199301475267,-0.467779717594738,4.616
2.00202854250039,-0.467815174133025,4.401
1.98697718396528,-0.495138015942735,4.617
2.0225744594947,-0.495864708385946,4.803
2.02374357318107,-0.505357195347849,3.987
2.08068985312923,-0.399333482752875,4.265
2.12731647244925,-0.424192331207407,2.842
2.04768249838038,-0.433885136588879,3.452
2.33667357085928,-0.483139659242779,4.884
2.3148828073753,-0.483628037448605,4.158
2.26765351399633,-0.51593833003442,4.973
2.39131060811759,-0.451316648970553,4.784
2.44997620877029,-0.453182404893738,4.905
2.45744214384675,-0.503246161847163,4.814
2.5363275030898,-0.411749562890812,4.736
2.54050242752635,-0.417405413509373,4.984
2.54906038719052,-0.484668687397113,4.848
2.90305756852512,-0.47636343029015,4.956
2.93066135231933,-0.398382198548991,4.452
3.18577296323061,-0.394789835869765,3.138
3.17829958449942,-0.431598664860711,4.054
3.29163525451186,-0.408348334010498,2.721
3.48595022630586,-0.404417537503077,3.078
3.692992884261,-0.465695046768805,3.368
3.76596778215981,-0.48439895531333,4.937
3.78812387935908,-0.514725216248541,4.959
3.94475066315126,-0.44125349432112,3.459
3.88462703643259,-0.487997990735353,4.573
4.08853924548688,-0.491049712546034,3.75
4.19024547968986,-0.394821775395076,2.271
4.16091716032183,-0.442041940003924,4.694
4.14942897994286,-0.449444874104911,4.622
4.1837811243194,-0.45577605177773,2.832
4.09566113759599,-0.519718739025112,3.616
4.17519667247705,-0.509881769272893,3.833
4.27883316717984,-0.42183428143222,4.665
4.28124266454899,-0.446678739472537,2.911
4.32059714421856,-0.438343295499897,4.759
4.24247398753862,-0.487407211618852,4.543
4.26863171106968,-0.49940882911745,4.785
4.34535738052316,-0.492462338409367,2.759
4.56565163809789,-0.421938719491198,4.189
4.58766725618913,-0.418227013815714,4.795
4.54662516146621,-0.436323382672399,3.212
4.65811102926108,-0.485738947554512,4.656
4.56994639649181,-0.52127805352889,4.317
4.71148388125801,-0.415669828605126,4.72
4.79116096111967,-0.47198317327763,4.829
4.74765759994398,-0.496669993005373,4.661
4.73429466804033,-0.516269933516586,4.781
4.80399270939586,-0.520598596502023,2.83
4.83443408230015,-0.44369236750144,2.924
4.91160280288612,-0.471077925797959,3.126
5.04199624937538,-0.44081224733548,4.924
5.00447025639174,-0.482940002826596,3.427
4.98558426288235,-0.521506373138313,2.599
5.13435084381443,-0.434300231037407,4.587
5.23142059480247,-0.457202384933409,4.945
5.21783332054569,-0.459012763304757,4.773
5.22266691339238,-0.474203582199214,4.698
5.24758544407882,-0.483628057694424,4.676
5.43711980441543,-0.441053903703849,4.172
5.52888806317173,-0.436434464676241,4.692
5.46210177363139,-0.46982749076402,4.289
5.93698055949008,-0.472000191110501,4.16
6.05053364987983,-0.414395570175963,4.584
6.23486485629249,-0.490965828356991,4.572
0.737795702043777,-0.565589591858171,4.565
0.969741446092265,-0.557429561503872,4.947
0.97229786737224,-0.651243783872078,4.717
1.00118225980157,-0.631813438400544,4.267
1.20231653300521,-0.533413410721146,3.908
1.12527340561409,-0.589892174034963,3.516
1.15207842272096,-0.593706079733725,4.123
1.38528887458242,-0.609036250078985,4.931
1.32822487723766,-0.619294750530415,4.711
1.44518742817861,-0.619077333469231,3.983
1.48199835226279,-0.59470442499556,2.608
1.54075347888134,-0.589945092766949,4.845
1.56004873307625,-0.615809418073172,4.32
1.53135136367185,-0.624274768472834,3.231
1.65942903802,-0.524704911871138,2.961
1.66728592213652,-0.583575304222285,3.93
1.69371171166006,-0.568629500058744,4.436
1.64301925167988,-0.613317733498615,4.472
1.60363994871596,-0.650186120279489,4.977
1.7882690784686,-0.567380131944576,3.486
1.96659405627377,-0.54039380270462,4.738
1.99564644711557,-0.610315851310054,4.527
1.90600186607227,-0.638661920842613,4.983
1.91247302037283,-0.641128474246738,4.659
1.90739450337781,-0.647473112247815,2.866
2.08422170925755,-0.529438075854675,4.793
2.18769940413115,-0.576907515194077,4.983
2.15326490098333,-0.626564730161374,4.744
2.17535751759065,-0.639825293617475,4.46
2.28460232677543,-0.579211693636572,3.631
2.26937473641163,-0.616247008943094,4.057
2.42492268611646,-0.652982626258841,4.668
2.48380126702886,-0.627469195384474,4.658
2.73646545439181,-0.542235050016316,4.424
2.86547074784999,-0.648176339960963,4.707
3.02379136478005,-0.556020448115659,3.632
3.0552562776466,-0.606408741189511,4.674
3.11065140878842,-0.591807892451446,4.345
3.36275252378768,-0.593399855956876,4.889
3.60274104732038,-0.576721762768846,4.272
3.49326319200003,-0.640750396486315,2.732
3.63556016516781,-0.557241967407215,4.717
3.62952694678877,-0.575855135760331,4.497
3.61913801543887,-0.601279452392019,4.416
3.69434920248653,-0.634775520100842,2.158
3.85568248582007,-0.613896163014395,4.201
3.86148295756205,-0.614213272933387,4.924
4.00479163666162,-0.5261936730107,4.47
3.99079129515624,-0.5501125188951,4.961
4.02213818152838,-0.632880386621155,3.729
4.02802724618319,-0.643302023172302,4.499
4.14934116439967,-0.586904897634248,3.94
4.10050399133423,-0.60060135445304,4.769
4.11323342631527,-0.605810838337134,4.698
4.21755490009215,-0.642321031021089,4.172
4.32572098549439,-0.605705504226118,4.202
4.34750406656261,-0.615321512327975,4.346
4.45878118599763,-0.561010350730296,4.995
4.40766993304171,-0.598529746543894,2.393
4.47163186236956,-0.595557465488513,4.886
4.6651543366989,-0.553325318887776,4.79
4.584822505295,-0.650934726553188,2.624
4.66813647781736,-0.646527556738135,3.315
4.7377316384712,-0.531000692172331,3.066
4.78930223311378,-0.641612497507015,3.298
4.90578321891617,-0.622070108355221,4.816
4.96861615740823,-0.647645401726794,4.903
5.00219726925191,-0.64687998810693,4.409
5.23483722324637,-0.615687705966988,4.325
5.45401473748426,-0.589567344873754,4.999
5.50342014838986,-0.563004140691281,4.752
5.57605680357403,-0.561516828349531,4.717
5.69390471623674,-0.576408608115005,4.323
5.80385826366272,-0.56807685708453,4.988
5.79616624299828,-0.575757357703245,4.502
5.73309600186167,-0.652140067166177,2.971
5.89705528716741,-0.564545560683304,4.28
6.00370733173213,-0.567923666219957,4.315
5.98877243325842,-0.573786669967437,4.502
6.10352106598274,-0.567790872843819,4.531
0.11468456622533,-0.738380361512322,2.496
0.114333745097302,-0.762356886165177,3.953
0.385567011876606,-0.756045842436076,3.613
0.697259216289713,-0.748601174371082,4.736
0.701043133392203,-0.695607565839991,4.226
0.777814310211529,-0.703450271774333,3.195
0.777866847589074,-0.703450009800412,4.119
0.872348354359812,-0.751709485515698,4.336
0.997446933363584,-0.656595593946151,4.717
0.947253621143382,-0.702923861098776,4.689
1.09450928764624,-0.73292623028912,4.97
1.10829233548522,-0.738176027264677,3.966
1.22418213812738,-0.730660301260781,4.479
1.56707333023542,-0.747265012953075,4.057
1.73556059704703,-0.753911288878391,3.138
1.87121606689233,-0.692121708038642,4.787
1.89166931580454,-0.779110464668823,4.767
2.00475335768445,-0.668601175785612,4.788
2.03005766408051,-0.66267677100598,3.806
2.0622989208659,-0.67828408549929,4.445
2.06043657182541,-0.708180958786595,3.809
1.9601378737566,-0.755752578601588,3.418
2.14395474036534,-0.691474079708679,4.6
2.1556941156861,-0.704203548898176,4.55
2.14427466253335,-0.750269499172879,4.768
2.25864746233973,-0.75030102575329,4.136
2.28812276059646,-0.744370316669868,4.143
2.35658775388806,-0.720011314805143,4.519
2.39108348144071,-0.758041697296099,2.379
2.49014621011349,-0.706277884756944,3.66
2.68229144827167,-0.735166517987286,3.836
2.71541121007833,-0.726928935673003,4.938
2.8804670258883,-0.7369801753087,4.383
3.08276582675117,-0.706864530235645,4.962
3.31558229950645,-0.697910073129727,4.613
3.45598354560806,-0.659787238453898,4.922
3.3747539325449,-0.701253542432841,4.276
3.53884831471232,-0.687787266442586,4.027
3.61988474984695,-0.741306440735342,3.415
3.61939675788249,-0.727587771634758,3.352
3.65764767284734,-0.734796775046706,3.769
3.6594280699528,-0.78197009082964,3.811
3.7548890959914,-0.661223105645149,4.029
3.69157260669969,-0.718720161239755,4.311
3.76571075013886,-0.689611277929787,4.371
3.84827584359256,-0.659620905783656,3.958
3.89579844077405,-0.659789693608557,4.989
3.92333167504377,-0.734856995712684,3.078
3.92058589269581,-0.752829625088725,2.603
3.8905062775017,-0.76053346442473,4.289
3.98295694550929,-0.776678828670779,4.778
4.03754409532345,-0.676029320120446,4.592
4.02024415877623,-0.709432894454625,3.157
4.08031856860626,-0.718495906851226,2.954
4.08031856860626,-0.718495906851226,4.451
4.0930300595082,-0.742940347644291,4.497
4.02595632017418,-0.779981152185844,3.337
4.08357954631854,-0.784671162205493,4.676
4.10671444894601,-0.77948508981892,4.681
4.18932307492551,-0.670148887515055,3.367
4.20363925243406,-0.673741439911571,4.857
4.33750844882484,-0.768735805748889,4.91
4.41714795837996,-0.663531158020452,3.508
4.41511855829171,-0.66405112197335,2.971
4.42438976857133,-0.739356815458414,4.817
4.42695538599113,-0.739344357298214,3.764
4.50361798413236,-0.754666252339358,3.359
4.61005745440098,-0.674314152426854,4.388
4.65821695748218,-0.700348186742757,3.05
4.66956381314109,-0.69971007185348,4.833
4.69838427049473,-0.773918129691827,4.982
4.85857374916138,-0.738492593688141,4.725
5.01551931175638,-0.661557945665881,4.095
5.01794942512918,-0.686626393851878,4.227
5.01061995420534,-0.706800682251882,4.693
4.98777852520094,-0.73469814439628,4.721
5.07841193666913,-0.708881853692665,3.927
5.2153126717086,-0.730739225049556,4.235
5.07296614044031,-0.775955246927895,3.935
5.07550013197046,-0.781903776346579,4.311
5.25151082133891,-0.662190260302454,4.928
5.58837243390486,-0.712260207240605,4.806
5.78626721701731,-0.690161683217366,4.618
5.82772125098254,-0.721635933769944,4.887
5.88729914169298,-0.759140735663936,4.077
5.88942711745378,-0.763567882692141,4.33
5.94938942880022,-0.722816690547755,4.948
6.05140113279781,-0.759573544157175,4.452
6.16524860926875,-0.660053476213985,4.352
6.17443419247353,-0.743773629613848,4.705
0.0410616176268763,-0.798443185148646,3.99
0.180318415907772,-0.8043351512388,4.706
0.137079693421514,-0.851781993625843,4.755
0.28834820889779,-0.81539085299176,3.459
0.495872992242174,-0.808133979212688,4.598
0.511242023739493,-0.827029170607244,4.93
0.39816086043111,-0.856480275284417,4.044
0.505961298133327,-0.900744763725855,3.798
0.641344515464873,-0.832589091123331,4.208
0.595636321733046,-0.899056969776251,3.52
1.11712610656402,-0.898611520212306,4.285
1.51531572408708,-0.891278772781859,3.87
1.8902898061675,-0.788587672843921,4.871
1.88740092584496,-0.816103860133772,4.518
1.89645592944922,-0.842504142717494,4.731
1.788683856838,-0.883390595260916,3.05
1.84958384056548,-0.865402619030229,4.942
2.04743827096749,-0.809365145811685,4.056
2.0435014040304,-0.821661287097957,4.803
2.0651723218633,-0.839554720937459,4.203
2.13579745384315,-0.8263309872447,4.143
2.08671823467732,-0.859485895968235,4.472
2.0641160327175,-0.865911004643403,4.574
2.27166020492454,-0.814174195663901,3.88
2.29522750152955,-0.803576308958103,3.877
2.31166223822399,-0.790771613110785,4.94
2.19269375436832,-0.846317464952688,4.846
2.2742464256071,-0.825839582114353,4.779
2.37432273696422,-0.822010623997989,3.867
2.51687670288304,-0.861407888319781,4.358
2.50518695949021,-0.894573150860037,4.966
2.5816813436708,-0.812409202485356,4.702
2.65699027404349,-0.904277130362978,4.824
2.78076368161849,-0.841695692768935,3.872
2.82206631699776,-0.862545836010764,2.815
3.10295475287855,-0.788425790414206,4.609
3.30610190889799,-0.847205595290253,3.848
3.2639389078789,-0.876689987410519,3.864
3.32743033344139,-0.851949415381538,4.77
3.32274511871386,-0.854508959579144,2.817
3.32274511871386,-0.854508959579144,2.881
3.17687918563773,-0.884206082551552,4.419
3.17806360202192,-0.885273362384721,2.515
3.19243370758636,-0.914001888534263,3.918
3.25734866382935,-0.897983016153089,4.783
3.43078662897181,-0.84584410792307,4.669
3.37335098662666,-0.854221918017972,4.475
3.41890414241197,-0.864413822813798,4.828
3.43354546969871,-0.871028333572195,4.228
3.67271829405781,-0.795929781347811,4.405
3.60696866499237,-0.897671070663353,4.738
3.7555544390642,-0.788663036161022,4.807
3.74985586732341,-0.803865439329324,3.5
3.77923573551449,-0.789262747698102,4.527
3.77942410349014,-0.79201767085896,4.401
3.80751260501114,-0.880643629405184,4.392
3.83050514392405,-0.862643493465598,4.007
3.96557858660638,-0.790282392434529,4.021
3.94932803520604,-0.821198019642212,4.561
3.94932803520604,-0.821198019642212,4.598
4.0078570257966,-0.835579862371341,4.928
4.0078570257966,-0.835579862371341,4.994
3.97906516199757,-0.850635453504419,3.833
3.98059397600001,-0.90930342553598,3.5
4.21710999315107,-0.788421250289223,4.743
4.30740248474408,-0.829987684854551,4.508
4.20281814308884,-0.859220337490293,4.746
4.27536023877759,-0.875378774252439,4.122
4.60618510984287,-0.811677292031281,4.561
4.58952441392229,-0.870502909880331,2.793
4.62685530841709,-0.862464677676948,4.799
4.76138620782199,-0.802055893305496,4.62
4.85095604199849,-0.801364656353376,4.902
4.83008347337017,-0.80230108989972,3.436
4.74132305326211,-0.874261334703765,3.635
4.83818789893076,-0.856443275002406,4.22
5.39990571625536,-0.82539241968428,3.203
5.42814359684185,-0.906191945397041,4.53
5.94575858492711,-0.818290293778006,2.287
6.06658541595782,-0.789704225067203,3.988
5.97144750307271,-0.895648461476693,3.479
6.18653727643352,-0.793991221807407,4.736
0.189167488637191,-1.00291975392148,4.359
0.298384938564217,-0.964220370147609,3.997
1.11912172021954,-1.03501783942846,4.554
1.19553055359618,-0.960716893945593,3.243
1.33304289302078,-1.00308788166286,4.767
1.52641130207559,-0.980293267624982,4.616
1.61573191580128,-0.959383856492415,4.685
1.72340931198002,-0.924598758585772,4.363
1.78833091024801,-0.935888266565191,4.51
2.08033896114083,-0.924716465684921,3.404
2.27950082623763,-0.927013867712063,4.789
2.27020684639259,-0.923661602822183,3.545
2.24854460790753,-1.01245210647243,4.957
2.29820222360242,-0.990819590071862,4.454
2.27162065646182,-1.04302622440724,4.292
2.3401420643799,-0.920198396427466,4.702
2.42688557205598,-1.00428817530725,4.518
2.49242605343022,-0.995437685894078,3.326
2.3429893833515,-1.03374693883825,4.866
2.40405212234785,-1.02916642327095,3.381
2.43076569938629,-1.03454845197569,2.238
2.50648554187502,-1.03375423483812,4.078
2.75484379235927,-0.937512023686407,4.946
2.60430333539541,-0.952387658807235,3.5
2.70924501279465,-0.978138690253855,4.49
2.70356960401649,-0.960442485426613,4.739
2.78950108102652,-0.970460088029767,4.379
2.77327722321535,-1.00457016064958,4.628
2.73758309098816,-1.00598695313744,4.736
2.73963835545966,-1.02519599190701,3.848
2.78707230841564,-1.03293814087104,4.894
2.97145284027642,-0.951047934997692,3.873
2.85140660094688,-1.02718164636476,3.882
2.91727351282192,-1.02930858487638,4.052
3.03146648385055,-0.947087058438744,4.595
3.2076763617124,-1.02536223067854,2.721
3.34395738950115,-0.985915723986301,4.594
3.37989503198544,-0.997781748426107,4.951
3.37980286551096,-0.997942944941426,3.938
3.32460266513184,-1.04171408971532,4.904
3.38006156187789,-1.03230470835108,4.578
3.46559943502753,-1.03153993090372,4.963
3.45703095207517,-1.04581133391018,4.578
3.70844753637543,-0.93268556225504,4.84
3.75387907552406,-0.984129994027314,4.347
4.00341839711991,-1.02626920149632,4.071
4.02899491257103,-1.0353415587348,4.937
4.20421407906666,-1.00836508851072,4.697
4.40602229842006,-1.03046642321219,3.932
4.4487749894702,-0.927824722549798,4.218
4.44456916520098,-0.97721231626172,3.276
4.56098090995222,-0.969179326852877,2.968
4.56139323089803,-0.983976305394838,3.275
4.96748092510049,-0.923953396914908,4.829
5.58446363657453,-0.932865695767276,4.504
5.4751416854076,-1.02021745086221,3.778
5.75050201253951,-0.95980146561133,4.43
5.77425132289996,-0.991102223629475,4.826
5.95869085317264,-0.933753287496234,4.977
6.02522624500075,-0.920733380334841,4.222
6.09743737093639,-1.01640534756496,4.033
0.0875764096874587,-1.13227873119672,4.286
0.137638715225078,-1.0988283185086,4.282
0.137696897870088,-1.09895640734974,4.505
0.518209228015139,-1.0745979259422,2.871
0.780147310672226,-1.11825492775381,4.986
1.04172516016423,-1.07163534664853,4.74
1.0511104804194,-1.08488407118725,4.7
1.11013730802767,-1.09037456634542,3.425
0.913583614444903,-1.09846703482984,4.75
0.978255569019742,-1.13109365961594,3.959
1.45571515020501,-1.09065323608577,3.911
1.36902567687538,-1.17260389492841,4.948
1.54505869179748,-1.10112277791063,4.759
1.78106881304756,-1.08108000582935,3.262
1.50435579919668,-1.14730130052582,4.353
2.13371342896358,-1.06992887191635,4.792
2.33458385603181,-1.05844819697676,3.802
2.09584725507716,-1.10946217714842,4.778
2.20669218910149,-1.15430650672793,3.886
2.36686975938666,-1.1588300015159,4.011
2.52789095516066,-1.07037657155877,4.487
2.69253226818871,-1.07045070721127,3.536
2.40540692004254,-1.08763647566347,3.915
2.44759245849827,-1.08916631260338,4.903
2.55362128578062,-1.09096868514945,3.905
2.56171594465325,-1.13572074056767,3.025
2.75772808438574,-1.07661261779178,3.341
2.80796519320006,-1.05708689513808,4.754
2.93477213922199,-1.05274122758427,4.679
2.9083314719883,-1.08950629314235,4.719
2.81048452012477,-1.11633175905035,4.767
2.82243323320309,-1.12370398617754,4.814
2.80542955687161,-1.12389567184956,2.67
2.80228024323047,-1.12515140325965,4.714
2.71821553583086,-1.16765136696891,4.938
3.08274764234023,-1.06776446101115,4.199
3.23479389869687,-1.05419892325941,3.734
3.03591893396412,-1.09990378934649,3.092
3.1604435048947,-1.10244962572815,4.7
3.15479181828267,-1.10501910713238,4.348
3.25728509213121,-1.10169087874243,4.799
3.09658407369237,-1.11331914622848,4.284
3.10604892825248,-1.13805794971533,4.968
3.17161957799192,-1.12772234044301,4.177
3.2220409858958,-1.11706431737064,4.011
3.07879153628972,-1.16463659308037,3.638
3.09028980240284,-1.16614015600825,4.915
3.34070937400015,-1.06432477519703,4.803
3.5021440894121,-1.06444844468997,4.487
3.50814692754298,-1.12635987394612,4.619
3.65492917156638,-1.11154250995849,4.824
3.85066324701324,-1.13403008148557,3.189
4.0039956562179,-1.11021207618749,4.99
4.1676131748147,-1.10705876661504,2.851
4.08721364959403,-1.15745068194522,4.234
4.25615052439106,-1.11152480586216,3.962
4.58628230845521,-1.05913298092304,3.563
4.74982724753507,-1.11122561296967,4.359
4.65013789871146,-1.12964472392284,3.714
4.81373630961815,-1.07327105630807,4.54
4.84928287512975,-1.08696152804379,4.593
4.94022985576748,-1.08537771452783,4.181
4.9106949084401,-1.13221703415673,4.793
4.96088230207428,-1.17344590982742,4.439
5.27406563446795,-1.1550950243183,3.616
5.39999872694559,-1.07389967608261,4.901
5.39123851294265,-1.05735098649225,4.782
5.61316054381574,-1.14088746056897,4.276
5.4321550725902,-1.15546408029729,3.431
5.84031496654296,-1.05172836415012,2.998
5.87884830841844,-1.13387688084715,4.494
6.2726461300337,-1.12221572018789,4.997
6.28282021920665,-1.14453688696262,4.473
0.330605417204856,-1.20211250820444,4.997
0.501500679704326,-1.18066816866597,4.789
0.696339642798476,-1.19148298513702,4.088
0.618496980949681,-1.19833296507159,4.075
0.722321584446728,-1.18013261682845,4.829
0.991517224528356,-1.29571435995646,3.436
1.90603230374176,-1.18607603871562,4.051
1.87076489736083,-1.23043835198896,3.86
2.01507438385821,-1.26721543536068,4.059
2.12899636162813,-1.19759371830054,4.378
2.3808018777169,-1.23112907773415,4.627
2.37865184273969,-1.26715623274525,4.536
2.67793258969391,-1.22239190103013,3.271
2.75035741618663,-1.25651124099921,4.715
2.72443765712897,-1.29209541067674,4.02
3.21826192325209,-1.18613859096694,4.332
3.34353199918083,-1.18871050501109,3.518
3.34354118641948,-1.18870568598249,3.976
3.30383821301843,-1.20664407915446,2.622
3.28325635602963,-1.25895811825948,3.804
3.46992845632906,-1.18498407032751,4.765
3.41330055079094,-1.24876308234297,3.736
4.00950007631097,-1.19868415970008,2.849
4.40113091894357,-1.20476091147759,2.052
4.54654468869772,-1.1828212883381,4.895
4.31300969897051,-1.22320351892582,4.963
4.90016718257397,-1.24665571019399,4.129
5.23857302284311,-1.27252836072075,3.938
0.00695772940673539,-1.34505007672343,4.926
0.112361313777572,-1.34834105402756,2.855
0.743834517344666,-1.31016535228149,4.895
2.1752294493444,-1.34250241176031,4.095
2.18446419742701,-1.3523592204956,4.467
2.77275422046969,-1.37196469439868,4.277
3.13996088977063,-1.36522890053603,4.908
2.81776162244441,-1.40569150440846,4.404
3.22164689089976,-1.38425969755575,4.209
3.87402796464823,-1.37959115735482,3.968
3.74474159027734,-1.41385214842052,4.92
4.27756948003543,-1.37349979490254,4.902
4.37675169412333,-1.35293449934302,4.346
4.33474936706798,-1.37701502048655,3.957
5.67875455984867,-1.35070138267915,3.841
5.96055335772196,-1.42037719604492,4.155
3.78265442030532,-1.4602800752697,4.453
